UniProt_ResNum,UniProt_ResName,PDB_ResName,PDB_ResNum,PDB_ChainID
24,G,S,-1,A
25,E,M,0,A
26,F,F,26,A
27,L,L,27,A
28,P,P,28,A
29,P,P,29,A
30,P,P,30,A
31,E,E,31,A
32,C,C,32,A
33,P,P,33,A
34,V,V,34,A
35,F,F,35,A
36,E,E,36,A
37,P,P,37,A
38,S,S,38,A
39,W,W,39,A
40,E,E,40,A
41,E,E,41,A
42,F,F,42,A
43,A,A,43,A
44,D,D,44,A
45,P,P,45,A
46,F,F,46,A
47,A,A,47,A
48,F,F,48,A
49,I,I,49,A
50,H,H,50,A
51,K,K,51,A
52,I,I,52,A
53,R,R,53,A
54,P,P,54,A
55,I,I,55,A
56,A,A,56,A
57,E,E,57,A
58,Q,Q,58,A
59,T,T,59,A
60,G,G,60,A
61,I,I,61,A
62,C,C,62,A
63,K,K,63,A
64,V,V,64,A
65,R,R,65,A
66,P,P,66,A
67,P,P,67,A
68,P,P,68,A
69,D,D,69,A
70,W,W,70,A
71,Q,Q,71,A
72,P,P,72,A
73,P,P,73,A
74,F,F,74,A
75,A,A,75,A
76,C,C,76,A
77,D,D,77,A
78,V,V,78,A
79,D,D,79,A
80,K,K,80,A
81,L,L,81,A
82,H,H,82,A
83,F,F,83,A
84,T,T,84,A
85,P,P,85,A
86,R,R,86,A
87,I,I,87,A
88,Q,Q,88,A
89,R,R,89,A
90,L,L,90,A
91,N,N,91,A
92,E,E,92,A
93,L,L,93,A
94,E,E,94,A
95,A,A,95,A
96,Q,Q,96,A
97,T,T,97,A
98,R,R,98,A
99,V,V,99,A
100,K,K,100,A
375,R,K,375,A
376,D,D,376,A
377,Y,Y,377,A
378,T,T,378,A
379,L,L,379,A
380,R,R,380,A
381,T,T,381,A
382,F,F,382,A
383,G,G,383,A
384,E,E,384,A
385,M,M,385,A
386,A,A,386,A
387,D,D,387,A
388,A,A,388,A
389,F,F,389,A
390,K,K,390,A
391,S,S,391,A
392,D,D,392,A
393,Y,Y,393,A
394,F,F,394,A
395,N,N,395,A
396,M,M,396,A
397,P,P,397,A
398,V,V,398,A
399,H,H,399,A
400,M,M,400,A
401,V,V,401,A
402,P,P,402,A
403,T,T,403,A
404,E,E,404,A
405,L,L,405,A
406,V,V,406,A
407,E,E,407,A
408,K,K,408,A
409,E,E,409,A
410,F,F,410,A
411,W,W,411,A
412,R,R,412,A
413,L,L,413,A
414,V,V,414,A
415,S,S,415,A
416,T,T,416,A
417,I,I,417,A
418,E,E,418,A
419,E,E,419,A
420,D,D,420,A
421,V,V,421,A
422,T,T,422,A
423,V,V,423,A
424,E,E,424,A
425,Y,Y,425,A
426,G,G,426,A
427,A,A,427,A
428,D,D,428,A
429,I,I,429,A
430,A,A,430,A
431,S,S,431,A
432,K,K,432,A
433,E,E,433,A
434,F,F,434,A
435,G,G,435,A
436,S,S,436,A
437,G,G,437,A
438,F,F,438,A
439,P,P,439,A
440,V,V,440,A
441,R,R,441,A
442,D,D,442,A
445,I,I,445,A
446,K,K,446,A
447,L,L,447,A
448,S,S,448,A
449,P,P,449,A
450,E,E,450,A
451,E,E,451,A
452,E,E,452,A
453,E,E,453,A
454,Y,Y,454,A
455,L,L,455,A
456,D,D,456,A
457,S,S,457,A
458,G,G,458,A
459,W,W,459,A
460,N,N,460,A
461,L,L,461,A
462,N,N,462,A
463,N,N,463,A
464,M,M,464,A
465,P,P,465,A
466,V,V,466,A
467,M,M,467,A
468,E,E,468,A
469,Q,Q,469,A
470,S,S,470,A
471,V,V,471,A
472,L,L,472,A
473,A,A,473,A
474,H,H,474,A
475,I,I,475,A
476,T,T,476,A
477,A,A,477,A
478,D,D,478,A
479,I,I,479,A
480,C,C,480,A
481,G,G,481,A
482,M,M,482,A
483,K,K,483,A
484,L,L,484,A
485,P,P,485,A
486,W,W,486,A
487,L,L,487,A
488,Y,Y,488,A
489,V,V,489,A
490,G,G,490,A
491,M,M,491,A
492,C,C,492,A
493,F,F,493,A
494,S,S,494,A
495,S,S,495,A
496,F,F,496,A
497,C,C,497,A
498,W,W,498,A
499,H,H,499,A
500,I,I,500,A
501,E,E,501,A
502,D,D,502,A
503,H,H,503,A
504,W,W,504,A
505,S,S,505,A
506,Y,Y,506,A
507,S,S,507,A
508,I,I,508,A
509,N,N,509,A
510,Y,Y,510,A
511,L,L,511,A
512,H,H,512,A
513,W,W,513,A
514,G,G,514,A
515,E,E,515,A
516,P,P,516,A
517,K,K,517,A
518,T,T,518,A
519,W,W,519,A
520,Y,Y,520,A
521,G,G,521,A
522,V,V,522,A
523,P,P,523,A
524,G,G,524,A
525,Y,Y,525,A
526,A,A,526,A
527,A,A,527,A
528,E,E,528,A
529,Q,Q,529,A
530,L,L,530,A
531,E,E,531,A
532,N,N,532,A
533,V,V,533,A
534,M,M,534,A
535,K,K,535,A
536,K,K,536,A
537,L,L,537,A
538,A,A,538,A
539,P,P,539,A
540,E,E,540,A
541,L,L,541,A
542,F,F,542,A
543,V,V,543,A
544,S,S,544,A
545,Q,Q,545,A
546,P,P,546,A
547,D,D,547,A
548,L,L,548,A
549,L,L,549,A
550,H,H,550,A
551,Q,Q,551,A
552,L,L,552,A
553,V,V,553,A
554,T,T,554,A
555,I,I,555,A
556,M,M,556,A
557,N,N,557,A
558,P,P,558,A
559,N,N,559,A
560,T,T,560,A
561,L,L,561,A
562,M,M,562,A
563,T,T,563,A
564,H,H,564,A
565,E,E,565,A
566,V,V,566,A
567,P,P,567,A
568,V,V,568,A
569,Y,Y,569,A
570,R,R,570,A
571,T,T,571,A
572,N,N,572,A
573,Q,Q,573,A
574,C,C,574,A
575,A,A,575,A
576,G,G,576,A
577,E,E,577,A
578,F,F,578,A
579,V,V,579,A
580,I,I,580,A
581,T,T,581,A
582,F,F,582,A
583,P,P,583,A
584,R,R,584,A
585,A,A,585,A
586,Y,Y,586,A
587,H,H,587,A
588,S,S,588,A
589,G,G,589,A
590,F,F,590,A
591,N,N,591,A
592,Q,Q,592,A
593,G,G,593,A
594,F,F,594,A
595,N,N,595,A
596,F,F,596,A
597,A,A,597,A
598,E,E,598,A
599,A,A,599,A
600,V,V,600,A
601,N,N,601,A
602,F,F,602,A
603,C,C,603,A
604,T,T,604,A
605,V,V,605,A
606,D,D,606,A
607,W,W,607,A
608,L,L,608,A
609,P,P,609,A
610,L,L,610,A
611,G,G,611,A
612,R,R,612,A
613,Q,Q,613,A
614,C,C,614,A
615,V,V,615,A
616,E,E,616,A
617,H,H,617,A
618,Y,Y,618,A
619,R,R,619,A
620,L,L,620,A
621,L,L,621,A
622,H,H,622,A
623,R,R,623,A
624,Y,Y,624,A
625,C,C,625,A
626,V,V,626,A
627,F,F,627,A
628,S,S,628,A
629,H,H,629,A
630,D,D,630,A
631,E,E,631,A
632,M,M,632,A
633,I,I,633,A
634,C,C,634,A
635,K,K,635,A
636,M,M,636,A
637,A,A,637,A
638,S,S,638,A
639,K,K,639,A
640,A,A,640,A
641,D,D,641,A
642,V,V,642,A
643,L,L,643,A
644,D,D,644,A
645,V,V,645,A
646,V,V,646,A
647,V,V,647,A
648,A,A,648,A
649,S,S,649,A
650,T,T,650,A
651,V,V,651,A
652,Q,Q,652,A
653,K,K,653,A
654,D,D,654,A
655,M,M,655,A
656,A,A,656,A
657,I,I,657,A
658,M,M,658,A
659,I,I,659,A
660,E,E,660,A
661,D,D,661,A
662,E,E,662,A
663,K,K,663,A
664,A,A,664,A
665,L,L,665,A
666,R,R,666,A
667,E,E,667,A
668,T,T,668,A
669,V,V,669,A
670,R,R,670,A
671,K,K,671,A
672,L,L,672,A
673,G,G,673,A
674,V,V,674,A
675,I,I,675,A
676,D,D,676,A
677,S,S,677,A
678,E,E,678,A
679,R,R,679,A
680,M,M,680,A
681,D,D,681,A
682,F,F,682,A
683,E,E,683,A
684,L,L,684,A
685,L,L,685,A
686,P,P,686,A
687,D,D,687,A
688,D,D,688,A
689,E,E,689,A
690,R,R,690,A
691,Q,Q,691,A
692,C,C,692,A
693,V,V,693,A
694,K,K,694,A
695,C,C,695,A
696,K,K,696,A
697,T,T,697,A
698,T,T,698,A
699,C,C,699,A
700,F,F,700,A
701,M,M,701,A
702,S,S,702,A
703,A,A,703,A
704,I,I,704,A
705,S,S,705,A
706,C,C,706,A
707,S,S,707,A
708,C,C,708,A
709,K,K,709,A
710,P,P,710,A
711,G,G,711,A
712,L,L,712,A
713,L,L,713,A
714,V,V,714,A
715,C,C,715,A
716,L,L,716,A
717,H,H,717,A
718,H,H,718,A
719,V,V,719,A
720,K,K,720,A
721,E,E,721,A
722,L,L,722,A
723,C,C,723,A
724,S,S,724,A
725,C,C,725,A
726,P,P,726,A
727,P,P,727,A
728,Y,Y,728,A
729,K,K,729,A
730,Y,Y,730,A
731,K,K,731,A
732,L,L,732,A
733,R,R,733,A
734,Y,Y,734,A
735,R,R,735,A
736,Y,Y,736,A
737,T,T,737,A
738,L,L,738,A
739,D,D,739,A
740,D,D,740,A
741,L,L,741,A
742,Y,Y,742,A
743,P,P,743,A
744,M,M,744,A
745,M,M,745,A
746,N,N,746,A
747,A,A,747,A
748,L,L,748,A
749,K,K,749,A
750,L,L,750,A
751,R,R,751,A
752,A,A,752,A
753,E,E,753,A
